"NAME","R.A.","DEC.","MAG"
"Acamar/The1 Eri","02 58 15.7","-40 18 17","2.9"
"Achernar/Alp Eri","01 37 42.5","-57 14 12","0.6"
"Acrux/Alp1 Cru","12 26 35.9","-63 05 57","1.6"
"Acubens/Alp Cnc","08 58 29.2","+11 51 28","4.3"
"Al Nair/Alp Gru","22 08 13.6","-46 57 37","2.2"
"Albireo/Bet1 Cyg","19 30 43.2","+27 57 34","3.2"
"Aldebaran/Alp Tau","04 35 55.2","+16 30 37","1.1"
"Alderamin/Alp Cep","21 18 34.8","+62 35 08","2.4"
"Algenib/Gam Peg","00 13 14.1","+15 11 01","2.9"
"Algieba/Gam Leo","10 19 57.9","+19 50 32","2.6"
"Alkaid/Eta UMa","13 47 32.4","+49 18 48","1.9"
"Almach/Gam And","02 03 54.7","+42 19 52","2.1"
"Alphard/Alp Hya","09 27 35.3","-08 39 32","2.2"
"Alphecca/Alp CrB","15 34 41.3","+26 42 53","2.2"
"Alpheratz/Alp And","00 08 22.1","+29 05 29","2.1"
"Alrescha/Alp Psc","02 02 02.7","+02 45 49","4.3"
"Altair/Alp Aql","19 50 47.0","+08 52 06","0.8"
"Antares/Alp Sco","16 29 24.4","-26 25 55","1.2"
"Arcturus/Alp Boo","14 15 39.7","+19 10 57","0.0"
"Arneb/Alp Lep","05 32 43.8","-17 49 20","2.7"
"Atria/Alp TrA","16 48 39.8","-69 01 40","1.9"
"Becrux/Bet Cru","12 47 43.4","-59 41 19","1.5"
"Bellatrix/Gam Ori","05 25 07.8","+06 20 59","1.7"
"Betelgeuse/Alp Ori","05 55 10.3","+07 24 25","0.3"
"Canopus/Alp Car","06 23 57.1","-52 41 45","-0.9"
"Capella/Alp Aur","05 16 41.2","+46 00 02","0.2"
"Castor/Alp Gem","07 34 36.2","+31 53 19","1.6"
"Cor Caroli/Alp2 CVn","12 56 02.0","+38 19 05","2.9"
"Deneb/Alp Cyg","20 41 25.8","+45 16 49","1.3"
"Denebola/Bet Leo","11 49 04.2","+14 34 22","2.2"
"Diphda/Bet Cet","00 43 34.1","-17 59 12","2.2"
"Dubhe/Alp UMa","11 03 43.9","+61 45 05","1.9"
"Elnath/Bet Tau","05 26 17.5","+28 36 27","1.7"
"Enif/Eps Peg","21 44 11.2","+09 52 30","2.4"
"Etamin/Gam Dra","17 56 36.4","+51 29 20","2.2"
"Fomalhaut/Alp PsA","22 57 38.4","-29 37 17","1.3"
"Gacrux/Gam Cru","12 31 09.9","-57 06 42","1.6"
"Hamal/Alp Ari","02 07 10.1","+23 27 47","2.2"
"Kochab/Bet Umi","14 50 42.3","+74 09 20","2.1"
"Kornephoros/Bet Her","16 30 13.2","+21 29 23","2.8"
"Kraz/Bet Crv","12 34 23.2","-23 23 47","2.8"
"Markab/Alp Peg","23 04 45.4","+15 12 19","2.6"
"Menkar/Alp Cet","03 02 16.7","+04 05 24","2.8"
"Menkent/The Cen","14 06 41.0","-36 22 12","2.1"
"Merak/Bet UMa","11 01 50.3","+56 22 55","2.4"
"Miaplacidus/Bet Car","09 13 12.8","-69 43 04","1.8"
"Mirach/Bet And","01 09 43.6","+35 37 16","2.4"
"Mirfak/Alp Per","03 24 19.2","+49 51 41","1.9"
"Mizar/Zet UMa","13 23 55.5","+54 55 31","2.2"
"Naos/Zet Pup","08 03 35.1","-40 00 12","2.2"
"Nunki/Sig Sgr","18 55 15.8","-26 17 47","2.1"
"Phact/Alp Col","05 39 38.9","-34 04 27","2.7"
"Polaris/Alp UMi","02 31 45.6","+89 15 52","2.1"
"Pollux/Bet Gem","07 45 19.9","+28 01 35","1.2"
"Porrima/Gam Vir","12 41 40.3","-01 35 58","2.9"
"Procyon/Alp CMi","07 39 19.0","+05 13 50","0.5"
"Ras Algethi/Alp Her","17 14 38.8","+14 23 24","3.5"
"Rasalhague/Alp Oph","17 34 56.1","+12 33 36","2.1"
"Regor/Gam2 Vel","08 09 31.9","-47 20 12","1.9"
"Regulus/Alp Leo","10 08 22.7","+11 58 01","1.3"
"Rigel/Bet Ori","05 14 32.3","-08 12 06","0.3"
"Rigel Kentaurus/Alp Cen","14 39 45.1","-60 50 21","0.1"
"Sabik/Eta Oph","17 10 22.7","-15 43 29","2.4"
"Sadachbia/Gam Aqr","22 21 39.1","-01 23 15","4.0"
"Sadalmelik/Alp Aqr","22 05 46.9","-00 19 11","3.2"
"Scheat/Bet Peg","23 03 46.1","+28 04 56","2.6"
"Schedar/Alp Cas","00 40 30.3","+56 32 15","2.3"
"Shaula/Lam Sco","17 33 36.5","-37 06 13","1.7"
"Sirius/Alp CMa","06 45 09.6","-16 42 34","-1.6"
"Spica/Alp Vir","13 25 11.6","-11 09 41","1.2"
"Suhail/Lam Vel","09 07 59.8","-43 25 58","2.2"
"Thuban/Alp Dra","14 04 23.5","+64 22 33","3.6"
"Unukalhai/Alp Ser","15 44 15.8","+06 25 31","2.7"
"Vega/Alp Lyr","18 36 55.9","+38 46 55","0.1"
"Vindemiatrix/Eps Vir","13 02 10.9","+10 57 33","2.9"
"Yed Prior/Del Oph","16 14 20.7","-03 41 40","2.7"
"Zubenelgenubi/Alp Lib","14 50 52.7","-16 02 30","2.8"
"TT Ari/","02 06 53.1","+15 17 42","11"
"Z And/","23 33 39.9","+48 49 5.9","10.0"
"V709 Cas/","0 28 48.8","+59 17 22","14.4"
"V405 Aur/","5 57 59.3","+53 53 45","14"
"MU Cam/","6 25 16.3","+73 34 39","15"
"RXJ0636 /","6 36 32.5","+35 35 43","16"
"RXJ0704 /","7 4 8.7","+26 25 33","17"
"OTJ0711 /","7 11 25.9","+44 4 5","15"
"RXJ1525 /1RXS J152506.9-032647","15 25 06.87","-03 26 54.9","16.8"
"SDSS 08205/SDSS J082053.53+000843.4","08 20 53.54","+00 08 43.5","15.0"
"V2779 Oph/","18 08 35.81","+10 10 29.8","16.1"
"BG CMi/","7 31 29.1","+9 56 23","15"
"PQ Gem/","7 51 17.4","+14 44 24","14"
"DO Dra/","11 43 38.4","+71 41 20","15"
"V1084 Her/","16 43 45.7","+34 2 40","13"
"V795 Her/","17 12 56.2","+33 31 19","13"
"V603 Aql/","18 48 54.6","+0 35 2","12"
"RXJ1803 /","18 3 39.7","+40 12 20","17"
"RXJ1926 /","19 26 27","+13 22 5","18"
"RXJ2133 /","21 33 43.6","+51 7 24","16"
"FO Aqr/","22 17 55.4","-8 21 05","14"
"AO Psc/","22 55 15.0","-3 13 00","13.5"
"V1432 Aql/","19 40 11.4","-10 25 25","14"
"DV Psc/","0 13 9.0","+5 37 17","12.0"
"PTFEB11.4 /","0 45 46","+41 50 30","15.0"
"WD0107 /","0 45 46","+41 50 30","15.0"
"NSVS 650/","1 58 23.9","+25 21 19","6.2"
"NSVS 0612/NSVS 6127971","22 49 56.18","+38 43 47.5","12.7"
"BX Tri/","2 20 50.8","+33 20 47","6.2"
"V449 Per/","2 57 33.5","+35 14 0","6.2"
"GJ 3236/","3 37 14.1","+69 10 49","6.2"
"HAT-169 /","3 44 32.2","+39 59 34","6.2"
"NLTT11748 /","3 45 16.8","+17 48 9","6.2"
"V471 Tau/","3 50 24.9","+17 14 47","6.2"
"HAT-216 /","4 40 23","+31 26 46","15.2"
"AP Tau/","4 54 45","+26 55 23","6.2"
"HAT-131 /","5 16 36.9","+48 35 44","6.2"
"V608 Aur/","5 27 38","+39 55 33","14.0"
"V641 Aur/","6 03 47","+42 19 07","14.0"
"HAT-133 /","6 36 25.2","+43 49 47","6.2"
"V470 Cam/","7 10 42","+66 55 43","14.0"
"YY Gem/","7 34 37.6","+31 52 09","13.0"
"VSX J0753/","07 53 28","72 24 24","15.0"
"HAT-136 /","8 11 34.8","+43 2 33","6.2"
"SSSS J08205/","8 20 53.5","+0 8 43","6.2"
"GSC 1941/","8 25 51.9","+24 27 3","6.2"
"CU Cnc/","8 31 37.6","+19 23 39","6.2"
"NSVS 250/","8 44 11","+54 23 47","6.2"
"GSC 2499/","9 16 12.3","+36 15 34","6.2"
"HAT-225 /","9 21 28.4","+33 25 58","6.2"
"CSS 40809/","9 35 33","+22 51 55","14.0"
"ASAS 0938/","9 38 13.51","-01 04 24","14.0"
"SW Sex/","10 15 09.4","-3 08 33","14.0"
"BS UMa/","11 25 41","+42 34 49","6.2"
"HW Vir/","12 44 20.2","-8 40 17","6.2"
"DE CVn/","13 26 53.3","+45 32 46","6.2"
"NY Vir/","13 38 48.1","-2 1 49","6.2"
"NSVS 103/","13 45 34.9","+79 23 48","6.2"
"HAT-145 /","13 45 13.2","+46 18 39","6.2"
"LP133 UMa/","14 04 09","+50 20 35","15.0"
"SDSS 1435/","14 35 48","+37 33 39","15.0"
"GK Boo/","14 38 20.7","+36 32 25","6.2"
"GU Boo/","15 21 54.8","+33 56 8","6.2"
"NSV 00967819/","13 44 34.2","+69 18 06","12.6"
"NSV 07826147/","15 33 49","+37 59 28","14.0"
"G179-55 /","15 47 27.5","+45 7 51","6.2"
"NN Ser/","15 52 56.1","+12 54 44","6.2"
"V1024 Her/","16 10 05","+25 36 55","13.0"
"V1043 Her/","17 06 10","+49 55 23","17.0"
"HAT-192 /","16 12 07","+41 12 51","6.2"
"CM Dra/","16 34 20.4","+57 9 43","6.2"
"TrES-Her /TrES-Her0-07621","16 50 20.8","+46 39 1","14.0"
"V924 Oph/","18 33 28","+7 7 50","6.2"
"OT Lyr/","19 8 10","+29 13 41","6.2"
"T-Lyr-17236 /","19 07 16","+46 39 52","14.0"
"KIC 6464285/","19 50 41","+41 52 36","14.0"
"KIC 5300878/","19 52 20","+40 28 42","14.0"
"FP Sge/","20 14 45.8","+19 36 48","6.2"
"NSVS 14256825/","20 20 00.4","+04 37 56","14.0"
"FI Del/","20 29 16","+14 45 59","6.2"
"MR Del/","20 31 13.5","+5 13 8","6.2"
"HAT-196 /","17 58 59.3","+35 55 12","6.2"
"RX J2130/","21 30 18.5","+47 10 7","6.2"
"HS 2231/","22 34 21.5","+24 56 57","14.0"
"HAT-205 /","22 42 7.5","+39 2 43","6.2"
"V 483 And/kol003","00 20 35.3","+40 04 17","12"
"V523 Cas/","0 40 6.3","+50 14 16","10.6"
"CW Cas/","0 45 52.7","+63 5 8","11.0"
"GSC 0008-0/","0 13 22.6","+5 40 9","13.7"
"EP And/","1 42 29.3","+44 45 42","11.4"
"SS Ari/","2 4 14.5","+23 59 24","10.3"
"GZ And/","2 12 14.1","+44 39 34","10.8"
"V432 Per/","3 10 10.7","+42 52 9","11.0"
"AH Tau/","3 47 12","+25 6 59","11.2"
"EQ Tau/","3 48 13.4","+22 18 51","10.5"
"AO Cam/","4 28 13.6","+53 2 45","10.5"
"V714 Mon/","6 29 12.4","+4 44 40","11.5"
"CD Cam/","7 58 11","+72 45 52","11.6"
"GSC 1387/","8 31 27.8","+19 53 3","10.6"
"TX Cnc/","8 40 1.7","+18 59 59","10.0"
"EH Cnc/","8 26 18.4","+20 52 50","11.7"
"AA UMa/","9 46 59.3","+45 45 56","10.9"
"RT LMi/","9 49 48.3","+34 27 15","11.4"
"CE Leo/","11 44 24.3","+23 21 23","11.8"
"HH UMa/","11 4 48.1","+35 36 27","10.6"
"RZ Com/","12 35 5","+23 20 14","10.5"
"RW Com/","12 33 0.2","+26 42 58","11.0"
"CC Com/","12 12 6","+22 31 58","11.3"
"SS Com/","12 49 39","+18 42 11","11.0"
"AZ Vir/","13 43 25.6","+4 36 57","10.8"
"XY Boo/","13 49 11.5","+20 11 24","10.4"
"BI CVn/","13 3 16.4","+36 37 1","10.3"
"TY Boo/","15 0 46.9","+35 7 54","10.8"
"AC Boo/","14 56 28.3","+46 21 44","10.1"
"FU Dra/","15 34 45.2","+62 16 44","10.5"
"AU Ser/","15 56 49.5","+22 16 2","10.9"
"TZ Boo/","15 8 9.1","+39 58 13","10.5"
"V857 Her/","16 46 53.6","+38 38 58","10.0"
"V829 Her/","16 55 36.0","+35 13 54","10.3"
"V508 Oph/","17 58 48.6","+13 29 46","10.1"
"V728 Her/","17 18 4.3","+41 50 39","10.9"
"V1918 Cyg/","19 26 8.7","+52 26 48","10.6"
"CW Sge/","19 59 58","+19 10 45","11.1"
"V1191 Cyg/","20 16 50.8","+41 57 41","11.0"
"BX Peg/","21 38 49.4","+26 41 34","11.0"
"V344 Lac/","22 18 46.9","+51 59 15","12.2"
"PP Lac/","22 42 38.7","+53 25 3","11.8"
"BB Peg/","22 22 56.9","+16 19 28","10.8"
"LO And/","23 27 6.6","+45 33 22","11.2"
"V651 Cas/","23 48 33.5","+57 44 57","10.3"
"V776 Cas/","1 53 23.4","+70 2 33","8.9"
"V376 And/","2 35 11.6","+49 51 37","7.7"
"BX And/","2 9 3.4","+40 47 39","8.9"
"DN Cam/","4 42 46.2","+72 58 42","8.3"
"V402 Aur/","5 2 14.7","+31 15 49","8.8"
"AR Aur/","5 18 18.9","+33 46 2","6.2"
"V781 Tau/","5 50 13.1","+26 57 43","8.7"
"IM Mon/","06 23 01.5","-03 16 37","6.4"
"V1387 Ori/","6 9 25.2","+17 11 0","8.8"
"SV Cam/","6 41 19.1","+82 16 2","9.3"
"UV Lyn/","9 3 24.1","+38 5 55","9.4"
"WY Cnc/","9 1 55.5","+26 41 23","9.5"
"XY UMa/","9 9 55.9","+54 29 17","9.5"
"W UMa/","9 43 45.5","+55 57 9","7.8"
"FN Cam/","9 22 58","+77 13 11","8.6"
"EX Leo/","10 45 6.8","+16 20 16","8.3"
"Y Sex/","10 2 48","+1 5 40","9.9"
"UV Leo/","10 38 20.8","+14 16 4","8.9"
"VW LMi/","11 2 51.9","+30 24 55","8.1"
"HV UMa/","11 55 38","+47 15 27","8.6"
"AM Leo/","11 2 10.9","+9 53 43","9.3"
"AG Vir/","12 1 3.5","+13 0 30","8.4"
"AH Vir/","12 14 21","+11 49 9","8.9"
"PY Vir/","13 10 32.2","-4 9 33","9.6"
"TV UMi/","15 0 59.7","+73 3 11","8.7"
"FI Boo/","15 22 6","+51 10 55","9.6"
"OU Ser/","15 22 43.5","+16 15 41","8.3"
"YY CrB/","15 50 32.4","+37 50 8","8.7"
"V624 Her/","17 44 17.2","+14 24 36","6.2"
"V2610 Oph/","17 53 32.3","-3 54 55","9.2"
"V2388 Oph/","17 54 14.2","+11 07 50","6.2"
"V2612 Oph/","18 29 13","+6 47 14","9.5"
"VW Cep/","20 37 21.5","+75 36 1","7.5"
"LS Del/","20 57 10.3","+19 38 59","8.6"
"ER Vul/","21 2 25.9","+27 48 26","7.3"
"SW Lac/","22 53 41.7","+37 56 19","8.9"
"AT Peg/","22 13 23.5","+8 25 31","9.0"
"DI Peg/","23 32 14.7","+14 58 9","9.4"
"RT And/","23 11 10.1","+53 1 33","9.0"
"AB And/","23 11 32.1","+36 53 35","9.5"
"V357 Peg/","23 45 35.1","+25 28 19","9.0"
"V351 Peg/","23 25 25.2","+15 41 19","8.0"
"U Peg/","23 57 58.5","+15 57 10","9.3"
"BS Cas/","01 21 38.57","+59 10 27.1","11.6"
"GW Cep/","01 45 58.58","+80 04 55.3","11.4"
"EE Cet/","02 49 52.26","+08 56 18.0","8.7"
"CT Tau/","05 58 50.10","+27 04 41.9","10.3"
"V753 Mon/","07 10 57.85","-03 52 43.2","8.3"
"NR Cam/","07 54 30.58","+78 06 45.4","10.8"
"AW UMa/","11 30 04.27","+29 57 51.3","6.8"
"II UMa/","12 32 54.84 54","+47 43.3","8.2"
"HT Vir/","13 46 06.74","+05 06 55.8","7.1"
"DU Boo/","14 22 17.73","+41 27 02.3","8.6"
"V921 Her/","16 49 31.25","+47 06 29.0","9.4"
"AK Her/","17 13 58.00","+16 20 51.0","8.3"
"UX Her/","17 54 07.85","+16 56 37.8","9.0"
"V566 Oph/","17 56 52.40","+04 59 10.0","7.5"
"EF Dra/","18 05 30.43","+69 45 16.6","10.5"
"BE Dra/","18 25 56.92","+68 57 43.5","11.4"
"V401 Cyg/","19 29 20.27","+30 24 28.5","11.0"
"CG Cyg/","20 58 13.45","+35 10 29.7","10.0"
"V376 Peg/","22 03 09.60","+18 52 48.0","7.7"
"WZ Cep/","23 22 24.22","72 54 56.7","11.0"
"V1159 Ori/","05 28 59.5","-03 33 53","13.0"
"OT J1126/","11 26 19.4","+08 46 51","14.0"
"V452 Cas/","00 52 18.0","+53 51 50","15.0"
"OT J0201/","02 01 06.3","+11 55 04","16.0"
"OT J0620/","06 20 19.2","+36 25 11","16.5"
"PNV J2308/","23 08 04.7","+60 46 52","10.3"
"GZ Cnc/","08 55 21.2","+11 18 15","12.0"
"OT J0754/","07 54 18.7","+38 12 25","15.0"
"AS Psc/","01 28 08.4","+31 14 57","13.5"
"GR Ori/","05 21 35.5","+01 10 11","15.5"
"SDSS J0751/","07 51 07.5","+30 06 28","15.5"
"OV Dra/","12 50 23.8","+66 55 25","15.5"
"OT J1734/","17 34 32.5","+43 42 19","16.0"
"TT Boo/","14 57 44.7","+40 43 40","12.5"
"MR UMa/","11 31 22.4","+43 22 38","13.5"
"OT J0647/","06 47 25.8","+49 15 43","13.5"
"QZ Ser/","15 56 54.51","+21 07 19.4","13.0"
"OT J1652/","16 52 36.3","+46 05 15","15.0"
"SU UMa/","08 12 28.3","+62 36 22","12.0"
"AL Com/","12 32 25.8","+14 20 43","12.7"
"QZ Vir/T Leo","11 38 26.81","+03 22 06.8","11.0"
"OT J0514/","05 14 15.5","+67 11 20","14.5"
"OT J0627/","06 27 03.7","+39 52 48","11.0"
"OT J0819/","08 19 36.1","+19 15 39","16.0"
"CI UMa/","10 18 13.1","+71 55 44","15.0"
"OT J1117/","11 17 59.8","+76 51 31","14.5"
"CY UMa/","10 56 57.0","+49 41 18","13.0"
"OT J1107/","11 07 13.6","+13 33 36","16.0"
"OT J1759/","17 59 08.6","+14 51 31","14.5"
"CSS J1740/CSS J174033.5+414756","17 40 33.4","+41 47 56","14.0"
"OT J0947/","09 47 59.8","+06 10 44","14.0"
"PNV J1915/PNV J19150199+0719471","19 15 02.03","+07 19 46.7","11.0"
"OT J2126/MASTER OT J212624.16+253827.2","21 26 24.15","+25 38 27.2","14.0"
"ASASSN-13ao/","12 43 12.05","+43 31 59.9","15.1"
"ASASSN-13as/","17 23 06.36","+17 57 55.9","15.1"
"ASASSN-13at/","18 21 22.49","+61 48 56.0","14.5"
"OTJ1748/MASTER OT J174816.22+501723.3","17 48 16.22","+50 17 23.3","15.5"
"ASASSN-13ax/","18 00 05.78","+52 56 35.3","13.5"
"ASASSN-13br/","17 03 43.01","+66 07 45.5","13.5"
"ASASSN-14cl/","21 54 57.68","+26 41 12.7","10.7"
"ASASSN-14cm/","15 45 31.72","+01 02 27.8","13.3"
"SW UMa/","08 36 42.70","+53 28 38.0","11.0"
"OTJ1819/MASTER OT J181953.76+361356.5","18 19 53.76","+36 13 56.5","14.0"
"V660 Her/","17 42 09.10","+23 48 30.0","14.5"
"UZ Boo/","14 44 01.20","+22 00 55.0","12.8"
"OTJ1749/MASTER OT J174902.10+191331.2","17 49 02.1","+19 13 31.2","14.5"
"OTJ1608/OT J160824.0+165240","16 08 24.0","+16 52 40.0","15.8"
"RXJ2319/1RXS J231935.0+364705","23 19 35.0","+36 47 05.0","14.4"
"CSSJ1545/CSS J154544.8+442829","15 45 44.8","+44 28 29.0","14.7"
"V342 Cam/","04 23 32.82","+74 52 51.0","13.4"
"V521 Peg/","22 21 44.75","+18 40 08.7","12.6"
"SS UMi/","15 51 22.30","+71 45 11.0","15.0"
"RZ Sge/","20 03 18.50","+17 02 52.0","13.0"
"ASASSN-13cf/","21 55 12.76","+27 41 18.9","15.4"
"ASASSN-13ck/","00 11 33.70","+04 51 23.0","13.4"
"ASASJ2243/ASAS J224349+0809.5","22 43 48.44","+08 09 27.3","13.0"
"OTJ0045/MASTER OT J004527.52+503213.8","00 45 27.52","+50 32 13.8","14.0"
"OTJ2100/OT J210016.0-024258","21 00 16.00","-02 42 58.0","16.4"
"RXJ0150/MASTER OT J015016.17+375620.5","01 50 16.19","+37 56 19.0","14.3"
"BZ UMA/","08 53 44.10","+57 48 40.0","11.7"
"PU Per/","02 42 16.10","+35 40 47.0","15.6"
"EI Psc/","23 29 54.24","+06 28 11.4","13.3"
"ASASSN-13cz/","15 27 55.30","+63 27 53.4","16.0"
"DDE 8/1RXS J231935.0+364705","23 19 36.07","+36 47 00.1","15.0"
"OTJ0613/MASTER OT J061335.30+395714.7","06 13 35.30","+39 57 14.7","14.2"
"OTJ0749/MASTER OT J074940.48+071557.1","07 49 40.48","+07 15 57.1","15.1"
"OTJ2348/MASTER OT J234843.23+250250.4","23 48 43.23","+25 02 50.4","16.3"
"HY Psc/","23 03 52.0","+01 06 45.0","14.2"
"KV And/","02 17 13.8","+40 41 29.0","15.5"
"OTJ0057/MASTER OT J005740.99+443101.5","00 57 40.99","+44 31 01.5","15.7"
"MN Dra/","20 23 38.19","+64 36 26.9","15.5"
"V1239 Her/ J170213.25+322954.1","17 02 13.25","+32 29 54.3","15.0"
"HAT-P-16b/","00 38 17.59","+42 27 47.2","10.8"
"WASP-1b/","00 20 40.00","+31 59 24.0","11.4"
"WASP-33b/","02 26 51.08","+37 33 02.5","8.4"
"CI Gem/","06 30 05.80","+22 18 50.0","15.7"
"FO And/","01 15 32.00","+37 37 34.0","14.2"
"TY Psc/","01 25 39.30","+32 23 09.0","12.6"
"RX J1616/1RXS J161659.5+620014","16 17 00.80","+62 00 25.0","14.7"
"OT J1623/MASTER OT J162323.48+782603.3","16 23 23.38","+78 26 03.6","13.0"
"CSS 080130/CSS 080130:105550+095621","10 55 50.08","+09 56 20.4","14.3"
"SDSS 0808/SDSS J080846.19+313106.0","08 08 46.19","+31 31 06.0","14.3"
"ASASSN-14ac/","07 52 54.90","+53 05 31.2","14.5"
"OT J0030/MASTER OT J003059.39+301634.3","00 30 59.39","+30 16 34.3","16.6"
"HAT-P-3b/","13 44 23.00","+48 01 43.0","11.8"
"HAT-P-37b/","18 57 11.16","+51 16 08.9","13.2"
"XO-2b/","07 48 07.00","+50 13 33.0","11.2"
"CSS J0634/CSS J063437.9+412046","06 34 37.97","+41 20 46.9","15.6"
"V1208 Tau/","04 59 44.00","+19 26 22.0","15.4"
"PV Per/","02 42 53.39","+38 04 03.6","14.8"
"YZ Cnc/","08 10 56.60","+28 08 33.0","11.9"
"AK Cnc/","08 55 21.10","+11 18 14.0","13.9"
"NSV01436/","04 02 38.90","+42 50 44.0","12.0"
"BG Ari/","01 51 51.85","+14 00 47.5","15.5"
"NY Ser/","15 13 02.29","+23 15 08.4","14.8"
"NN Cam/","04 12 36.81","+69 29 06.8","12.7"
"DV UMa/","09 46 36.60","+44 46 44.0","15.2"
"V1113 Cyg/","19 22 42.00","+52 44 00.0","14.4"
"QW Ser/","15 26 13.90","+08 18 02.0","13.0"
"OTJ0558/MASTER OT J055845.55+391533.4","05 58 45.55","+39 15 33.4","14.5"
"PNVJ1616/PNV J16161867+1151058","16 16 18.67","+11 51 05.8","13.3"
"OTJ1411/MASTER OT J141143.46+262051.5","14 11 43.46","+26 20 51.5","15.2"
"SDSSJ0910/SDSS J091001.62+164820.1","09 10 01.62","+16 48 20.1","14.0"
"OTJ1117/MASTER OT J111759.87+765131.6","11 17 59.71","+76 51 30.5","14.0"
"OTJ1055/MASTER OT J105545.20+573109.7","10 55 45.20","+57 31 09.7","15.5"
"OTJ0600/OT J060009.9+142615","06 00 10.03","+14 26 12.2","12.7"
"SDSSJ0902/SDSS J090221.35+381941.9","09 02 21.35","+38 19 41.9","14.0"
"SDSSJ1730/Carter_SDSSJ173047.59+554518.5","17 30 47.59","+55 45 18.5","15.0"
"TCPJ2054/TCP J20542386+6017077","20 54 23.86","+60 17 07.7","12.0"
"NOVACyg 2014/PNV J20214234+3103296","20 21 42.32","+31 03 29.4","11.0"
"NY Ser/","15 13 02.20","+23 15 08.0","15.0"
"RZ LMi/","09 51 48.91","+34 07 23.8","13.8"
"SDSSJ0814/Wils_SDSSJ081408.42+090759.1","08 14 08.42","+09 07 59.1","14.4"
"OTJ1719/MASTER OT J171921.40+640309.8","17 19 21.40","+64 03 09.8","15.6"
"OTJ2009/MASTER OT J200904.69+825153.6","20 09 04.69","+82 51 53.6","15.6"
"PTF1J0719/PTF1 J071912.13+485834.0","07 19 12.11","+48 58 35.1","15.7"
"OTJ1928/MASTER OT J192809.82+551616.5","19 28 09.82","+55 16 16.5","15.9"
"OTJ1759/MASTER OT J175924.12+252031.7","17 59 24.12","+25 20 31.7","13.2"
"PNV J1729/PNV J17292916+0054043","17 29 29.16","+00 54 04.3","12.4"
"KIC 12055014/","19 10 03.87","+50 33 23.9","13.6"
"KIC 10229723/","19 56 04.80","+47 13 13.8","12.0"
"V2366 Cyg/","19 32 10.86","+45 44 09.0","12.9"
"RS Oph/","17 50 13.20","-06 42 29.0","11.0"
"CR Boo/","13 48 55.22","+07 57 35.7","13.0"
"V418 Ser/","15 14 53.65","+02 09 35.0","15.8"
"SN M106/","12 18 57.71","+47 18 11.3","14.8"
"ASASSN-14cn/","16 11 34.00","+63 08 32.2","14.3"
"ASASSN-14cr/","21 10 09.53","+27 11 57.0","15.0"
"ASASSN-14cv/","17 43 48.58","+52 03 46.8","11.3"
"V503 Cyg/","20 27 17.41","+43 41 22.5","14.0"
"QR And/","00 19 49.93","+21 56 52.1","12.0"
"IP Peg/","23 23 08.60","+18 24 59.6","12.0"
"PTF1J0719/PTF1 J071912.13+485834.0","07 19 12.12","+48 58 34.4","15.7"
"V723 Cas/","01 05 05.36","+54 00 40.3","15.0"
"ASASSN-14gz/SDSS J172325.99+330414.1","17 23 25.95","+33 04 12.1","14.8"
"CRTS J2147/CRTS J214738.4+244554","21 47 38.40","+24 45 54.0","12.9"
"OT J2138/1RXS J213807.1+261958","21 38 06.68","+26 19 56.6","9.8"
"ASASSN-14cn/Gaia14aaf","16 11 33.95","+63 08 32.0","14.2"
"V823 Cyg/","20 01 49.28","+36 07 24.3","15.3"
"OT J0309/OT J030929.8+263804","03 09 29.77","+26 38 04.2","11.1"
"CSS J2126/CSS_J212625.1+201948","21 26 25.08","+20 19 46.4","16.1"
"ASASSN-14jv/ASASSN-14jv","18 53 28.81","+42 03 43.59","11.3"
"ASASSN-14jq/SDSS J022102.78+732245.2","02 21 02.68","+73 22 45.2","14.3"
"UV Per/","02 10 08.32","+57 11 21.2","12.3"
"OT J0648/OT J064833.4+065624","06 48 33.45","+06 56 23.3","11.6"
"KX Aql/","19 33 53.66","+14 17 47.8","12.8"
"V1454 Cyg/","19 53 38.47","+35 21 45.4","14.6"
"TCP J1605/TCP J16054809+2405338","16 05 47.98","+24 05 31.10","12.6"
"SDSS J0732/Wils_SDSSJ073208.11+413008.7","07 32 08.11","+41 30 08.8","15.3"
"SDSS J0129/SDSS J012940.05+384210.4","01 29 40.05","+38 42 10.40","14.9"
"ASASSN-14mj/ASASSN-14mj","06 43 35.29","+74 10 14.40","13.9"
"ASASSN-14mv/ASASSN-14mv","07 13 27.25","+20 55 52.0","12.8"
"V650 Ori/","05 31 08.82","+09 45 27.5","15.5"
"OT J0439/MASTER OT J043915.60+424232.3","04 39 15.60","+42 42 23.3","16.0"
"ASASSN-15bp/ASASSN-15bp Vir","12 12 40.41","+04 16 56.2","11.9"
"ASASSN-15bu/ASASSN-15bu","02 54 43.68","+22 44 02.7","15.8"
"SDSS J1400/Carter_SDSSJ140037.99+572341.3","14 00 37.85","+57 23 41.5","15.5"
"NSV 2026/1RXS J052954.9+184817","05 29 58.81","+18 48 10.0","14.1"
"ASASSN-15dp/ASASSN-15dp Aur","4 49 32.27","+36 05 14.3","14.1"
"ASASSN-15dq/ASASSN-15dq Sex","09 46 06.94","-00 56 01.2","14.5"
"ASASSN-15ea/ASASSN-15ea Lyr","18 50 50.57","+40 44 05.5","16.0"
"ASASSN-15hd/ASASSN-15hd Her","17 31 25.45","+27 54 28.5","14.0"
"ASASSN-13ak/ASASSN-13ak Dra","17 48 27.85","+50 50 40.3","15.0"
"KIC 2835289/KIC 2835289 Lyr","19 07 26.23","+38 01 38.9","13.0"
"SA92 409/Landolt 1992","00 55 14.00","+00 56 07.0","10.63"
"SA93 332/Landolt 1983","01 55 03.23","+00 40 11.8","9.79"
"SA93 424/Landolt 1983","01 55 26.00","+00 56 43.0","11.62"
"SA94 305/Landolt 1983","02 55 56.24","+00 30 56.7","8.89"
"SA95 96/Landolt 1992","03 52 54.00","+00 00 18.0","10.01"
"SA95 132/Landolt 1992","03 54 51.00","+00 05 21.0","12.06"
"SA96 180/Landolt 1983","04 51 41.09","-00 05 15.2","8.93"
"SA97 351/Landolt 1983","05 57 37.00","+00 13 42.0","9.78"
"SA99 438/Landolt 1983","07 55 54.00","-00 16 51.0","9.40"
"SA100 394/Landolt 1992","08 53 55.00","-00 32 21.0","11.38"
"SA101 282/Landolt 1983","09 57 05.04","-00 30 00.2","10.00"
"BO Gem/",  "6.4173055555556","17.971388888889" ,"11"  
"CC Her/",  "16.294135555556","8.9340694444444" ,"10"  
"RW Per/",  "4.3379888888889","42.314391667"    ,"9.8" 
"RW Cap/",  "20.298908333333","-17.673144444"   ,"10.3"
"RZ Aur/",  "5.82275","31.703055555556"         ,"12"  
"SW Oph/",  "16 16 27","-07 02 42" ,"10"  
"TT And/",  "23.222972222222","46.1475"         ,"11.5"
"TU Her/",  "17.226488888889","30.71"           ,"10.8"
"TW Lac/",  "22.507297222222","54.618472222222" ,"11.5"
"TX Ari/",  "3.0976944444444","28.567777777778" ,"11.0"
"TY Peg/",  "23.499175","13.542055555556"       ,"10"  
"V442 Cas/","23.670777777778","53.959444444444" ,"11"  
"V602 Aql/","19.850166666667","16.445527777778" ,"11"  
"YZ Aql/",  "19.279505555556","0.60475"         ,"10.5"
"AH Cep/",  "22.798027777778","65.062138888889" ,"6.9" 
"IV Cas/",  "23.825425","53.134638888889"       ,"11.2"
"RW Tau/",  "4.0650833333333","28.125944444444" ,"8"   
"RX Gem/",  "6.8365277777778","33.239083333333" ,"9.2" 
"SW Cyg/",  "20.116091666667","46.299472222222" ,"9.2" 
"SZ Cam/",  "4.1303333333333","62.332916666667" ,"6.9" 
"T LMi/",   "9.8078888888889","33.28875"        ,"10.9"
"TZ Eri/",  "4.3611944444444","-6.019444444"    ,"9.80"
"U Cep/",   "1.0384444444444","81.875555555556" ,"6.9" 
"V913 Oph/","17.917638888889","14.177527777778" ,"10"  
"XY Leo/",  "10.027888888889","17.409083333333" ,"9.5" 
"Y Cam/",   "7.6863888888889","76.073916666667" ,"10.5"
"Y Leo/",   "9.6143888888889","26.232666666667" ,"10.7"
"Y Psc/",   "23.573694444444","7.9245833333333" ,"9"   
"GK Per/","03 31 12.01","+43 54 15.4","13.0"
"V844 Her/","16 25 01.75","+39 09 26.7","13.0"
"V493 Ser/","15 56 44.23","-00 09 50.0","13.0"
"ASASSN-15jd/ASASSN-15jd Her","16 49 25.42","+14 02 43.7","14.0"
"V585 Lyr/","19 13 58.43","40 44 08.8","14.7"
"ASASSN-15km/ASASSN-15km Oph","17 22 18.03","+09 05 47.9","15.4"
"1502+09/SDSS J150441.76+084752.6","15 04 41.76","+08 47 52.7","13.7"
"CRTS J2158/CSS 100615:215815+094709","21 58 15.31","+09 47 09.6","12.6"
"KIC 11390659/KIC11390659 Dra","18 58 30.91","+49 14 32.7","13.4"
"IPHAS J2305/IPHAS_J230538.39+652158.7 Cep","23 05 38.36","+65 21 58.8","15.4"
"V404 Cyg/","20 24 03.83","+33 52 02.2","14.7"
"V1006 Cyg/","19 48 47.14","+57 09 21.8","14.1"
"HO Del/","20 36 55.52","+14 03 10.2","13.6"
"V1047 Aql/","19 51 12.31","+26 58 01.6","15.2"
"ASASSN-14fc/1RXS J201624.6+621732 Dra","20 16 23.52","+62 17 28.2","13.4"
"StHA 190/NSV25735 Aqr","21 41 44.88","+02 43 54.4","10.5"
"ASASSN-15mv/SDSSJ225112.31+265801.4 Peg","22 51 12.31","+26 58 01.6","15.4"
"ASASSN-15ni/ASASSN-15ni Her","18 39 58.06","+22 21 17.8","12.9"
"KV Dra/","14 50 38.31","+64 03 28.6","14.6"
"SDSS J1525/SDSS J152509.57+360054.5","15 25 09.57","+36 00 54.5","13.4"
"ASASSN-15oo/2RXP J180655.9+061015","18 06 56.17","+06 10 35.2","15.1"
"ASASSN-15po/SDSS J003635.82+215125.7","00 36 35.83","+21 51 25.8","15.1"
"HT Cas/","01 10 12.96","+60 04 36.3","12.6"
"V550 Cyg/","20 05 04.87","+32 21 23.8","15.0"
"ASASSN-15ry/TCP J05285567+3618388","05 28 55.66","+36 18 38.9","14.2"
"ASASSN-15se/SDSS J093309.37+102802.1","09 33 09.38","+10 28 02.2","13.0"
"ASASSN-15sc/ASASSN-15sc","02 21 11.94","+60 19 49.2","14.6"
"V1114 Cyg/","19 24 36.53","+28 26 10.6","15.4"
"0109+224/QSO B0109+224","01 12 05.82","+22 44 38.8","14.4"
"V501 Aur/","04 57 06.51","+31 42 50.4","10.6"
"ASASSN-15su/USNO-B1.0 1124-0080206","05 05 03.02","+22 25 30.8","15.0"
"ASASSN-15sv/SDSS J003900.53+271345.6","00 39 00.55","+27 13 45.7","15.7"
"ASASSN-15sw/SDSS J075526.98+110550.8","07 55 26.99","+11 05 50.8","15.2"
"ASASSN-15sl/USNO-B1.0 1408-0192895","07 23 12.73","+50 50 07.7","15.2"
"QY Per/","03 15 36.84","+42 28 14.3","15.4"
"3C 66A/3C66A And","02 22 39.61","+43 02 07.8","15.0"
"OJ 287/OJ287 Cnc","08 54 48.88","+20 06 30.6","12.1"
"ASASSN-15ux/ASASSN-15ux Aur","06 52 26.66","+47 10 56.5","14.4"
"ASASSN-16ag/ASASSN-16ag Per","01 34 38.25","+52 06 15.9","16.2"
"ASASSN-16aq/SDSS J165525.06+372136.8","16 55 25.07","+37 21 36.9","15.1"
"W50/V1329 Tau","04 41 55.15","+26 58 49.4","9.55"
"W54/V1334 Tau","04 44 54.45","+27 17 45.2","9.48"
"W66/V1349 Tau","04 55 09.62","+18 26 31.1","9.16"
"RZ Leo/","11 37 22.27","+01 48 58.5","11.5"
"OT J0733/MASTER OT_J073325.52+373744.9","07 33 25.48","+37 37 45.0","15.1"
"Alica1/HD283447 HD283572 HD283518","04 18 31","+28 27 16","10.0"
"Alica2/W1 W4 W5 W6","04 03 50","+21 15 39","10.0"
"Alica3/W18","04 13 47","+21 30 12","10.0"
"Alica4/W31 W32","04 30 18","+21 30 12","10.0"
"Alica5/W30 W36 GSC1269 HD28150","04 30 18","+18 09 52","10.0"
"Alica6/W55 W47","04 42 19","+15 50 00","10.0"
"Ziga4/W71 W73","04 56 58","+15 19 54","10.0"
"W10/V1197 Tau","04 09 09.74","+29 01 30.3","10.59"
"HV Vir/","13 21 03.13","+01 53 29.7","12.0"
"OT J1918/MASTER OT_J191841.98+444914.5","19 18 41.98","+44 49 14.5","15.2"
"PTF1 J0719/PTF1 J071912.13+485834.0","07 19 12.13","+48 58 34.0","15.1"
"V1028 Cyg/","20 00 56.49","+56 56 37.4","14.8"
"SBS1108+574/SBS1108+574 UMa","11 11 26.83","+57 12 38.6","15.5"
"3C 279/3C279 Vir","12 56 11.17","-05 47 21.5","15.0"
"ASASSN-16eg/CSS_J172610.3+422001 Her","17 26 10.34","+42 20 02.7","12.7"
"GP CVn/","12 27 40.83","+51 39 25.0","15.4"
"V1183Her/KR056","16 28 36.15","+47 17 58.1","11.3"
"BR CrB/KR063","15 53 04.27","+36 18 44.8","10.1"
"ASASSN-16ez/ASASSN-16ez Ser","15 31 29.86","+21 38 29.0","14.3"
"Abell 43/PN A66 43","17 53 32.27","+10 37 24.2","14.71"
"K 1-16/PN K 1-16","18 21 52.11","+64 21 53.2","14.96"
"ASASSN-16fy/ASASSN-16fy CVn","14 02 03.08","+46 13 33.7","13.1"
"AW Sge/","19 58 37.10","+16 41 28.4","14.6"
"NY Her/","17 52 52.60","+29 22 18.8","16.2"
"1SWASP J162117.36+441254.2/CSS_J162117.4+441254 Her","16 21 17.36","+44 12 54.1","15.6"
"KR116/","16 11 23.2","+44 06 20.9","10.0"
"05590/B1.0 1603-0070826","06 22 19.72","+70 22 55.8","12.0"
"03450/B1.0 1589-0089366","06 33 51.35","+68 55 35.0","12.0"
"HIP 20782/W30","04 27 25.00","+18 09 33.0","8.7"
"HD 31281/V1349 Tau","04 55 09.62","+18 26 31.1","9.2"
"HD 30171/V1206 Tau","04 45 51.30","+15 55 49.7","9.3"
"V1298 Tau/W4","04 05 19.61","+20 09 25.2","10.31"
"OV Boo/","15 07 22.35","+52 30 39.8","11.2"
"V2500 Oph/Barnard's star","17 57 48.49","+04 41 36.2","9.55"
"TW Cas/","02 45 54.82","+65 43 35.0","10.2"
"TCP J1815/TCP J18154219+3515598 Lyr","18 15 42.24","+35 15 59.8","13.2"
"KIC 4851217/HAT199-10019 Cyg","19 43 20.16","+39 57 08.1","10.6"
"UU And/","00 43 45.08","+30 56 19.6","11.2"
"AD And/","23 36 45.01","+48 40 15.6","11.2"
"TYC 2801-1379-1/M31-var","00 46 40.904","+40 43 04.94","10.82"
"TYC 5583-216-1/4U 398-59278","15 02 07.54","-10 38 07.40","10.37"
"TYC 634-468-1/46 Hestia","02 23 24.28","+11 47 17.90","10.22"
